company_clean,connection_count,top_persona,top_area,avg_priority_score,suggested_market,suggested_category,manual_market,manual_category,reason
Hays,74,Other,Other,23.2,,,,,
SENAI CIMATEC,52,Other,Other,14.3,,,,,
Grupo Boticário,48,Other,Other,23.0,,,,,
GE Vernova,43,Other,Other,15.5,,,,,
Larco Petróleo,40,Other,Other,13.5,,,,,
CI&T,32,Other,Data Engineering,24.2,,,,,
GE Renewable Energy,32,Other,Other,15.0,,,,,
Michael Page,31,Other,Other,25.4,,,,,
LM Soluções de Mobilidade,29,Other,Other,14.4,,,,,
IBM,28,Other,Other,26.2,,,,,
AB InBev,25,Data Engineer,Data Engineering,27.1,,,,,
Ford Motor Company,24,Other,Other,12.7,,,,,
Amazon Web Services (AWS),20,Other,Other,47.6,,,,,
GFT Technologies,20,Other,Management,38.8,,,,,
Serasa Experian,20,Other,Management,27.3,,,,,
SAP,19,Other,Management,45.1,,,,,
Globo,19,Other,Management,20.3,,,,,
Artefact,19,Data Engineer,Data Engineering,29.7,,,,,
Freelance,18,Recruiter,Recruiting,28.9,LATAM_USD,,,,
PRINCIPIA,18,Other,Other,12.5,,,,,
LM Mobilidade,16,Other,Other,15.2,,,,,
Mercado Livre,16,Other,Other,23.3,,,,,
TELUS Digital,15,Other,Recruiting,31.5,,,,,
Qubika,14,Data Engineer,Data Engineering,34.5,,,,,
Inter,14,Data Engineer,Analytics,27.4,,,,,
Autônomo,14,Other,Other,22.9,,,,,
Sicredi,14,Other,Other,22.9,,,,,
Goldwind,14,Other,Other,15.6,,,,,
Randstad,14,Other,Recruiting,34.5,,,,,
Blip,14,Other,Analytics,25.9,,,,,
QuintoAndar,13,Other,Management,25.5,,,,,
Melt Group,13,Consultant,Consulting,19.9,,,,,
PetroReconcavo,12,Other,Other,14.6,,,,,
PicPay,12,Other,Analytics,29.3,,,,,
Stefanini Group,12,Other,Management,31.2,,,,,
Factored,12,Data Engineer,Data Engineering,31.4,,,,,
Compass UOL,11,Data Engineer,Data Engineering,27.6,,,,,
Avanade,11,Data Engineer,Recruiting,34.3,,,,,
Continental,11,Other,Other,9.7,,,,,
EloGroup,10,Data Engineer,Data Engineering,26.9,,,,,
Zallpy Digital,10,HR,HR,27.2,,,,,
DBC Company,10,Other,HR,21.7,,,,,
DIS AG,10,Other,Consulting,21.7,,,,,
Leidos,10,Talent Acquisition,Recruiting,39.0,LATAM_USD,,,,
K2 Partnering Solutions,10,Recruiter,Recruiting,47.7,LATAM_USD,,,,
Lojas Renner S.A,10,Other,Management,27.1,,,,,
Datum,10,Other,Other,25.1,,,,,
Shopee,10,Other,HR,24.7,,,,,
Aliare,10,Other,Other,25.7,,,,,
Arco Educação,9,Other,Recruiting,36.2,,,,,
Babbel,9,Hiring Manager,Management,34.0,,,,,
Adecco,9,Consultant,Consulting,27.8,,,,,
Global Group,9,Other,Other,13.7,,,,,
Cadastra,9,Data Engineer,Data Engineering,29.0,,,,,
Asaas,9,Other,Other,24.7,,,,,
Nortal,9,Other,Other,24.1,,,,,
Randstad Enterprise,9,Recruiter,Management,38.1,LATAM_USD,,,,
TIVIT,9,Other,Management,30.6,,,,,
Capitani Group,9,Other,Other,23.1,,,,,
Korn Ferry,9,Recruiter,Recruiting,37.7,LATAM_USD,,,,
Self-employed,9,Other,Other,23.7,,,,,
Vale,9,Other,Other,32.1,,,,,
BRQ Digital Solutions,9,Other,Recruiting,36.4,,,,,
Flink,9,Director,Management,34.2,,,,,
Oracle,8,Other,Management,28.5,,,,,
NTConsult,8,Other,Other,29.6,,,,,
PageGroup,8,Other,Recruiting,36.6,,,,,
TPC Logística Inteligente,8,Other,Other,18.1,,,,,
Neoenergia,8,Other,Other,14.2,,,,,
Sigma Software Group,8,Other,Management,36.4,,,,,
SThree,8,Consultant,Management,26.1,,,,,
Cielo,8,Data Engineer,Analytics,31.5,,,,,
banco BV,8,Product,Analytics,22.2,,,,,
SulAmérica,8,Other,Other,23.4,,,,,
Robert Walters,8,Consultant,Consulting,23.8,,,,,
Randstad Uruguay,8,Other,Other,51.9,,,,,
AltoQi,7,Other,Analytics,26.0,,,,,
The Adecco Group,7,Consultant,Consulting,27.7,,,,,
Capco,7,Data Engineer,Data Engineering,29.7,,,,,
TQI,7,Other,Management,30.1,,,,,
Construtora Tenda,7,Other,HR,21.1,,,,,
Walmart Chile,7,Other,Other,45.6,,,,,
Profesional independiente,7,Other,Other,25.9,,,,,
Insi,7,Recruiter,Recruiting,37.1,LATAM_USD,,,,
Decision,7,Recruiter,Recruiting,45.7,LATAM_USD,,,,
EPAM Systems,7,Data Engineer,Recruiting,39.6,,,,,
Uber,7,Recruiter,Recruiting,33.0,LATAM_USD,,,,
"NTT DATA, Inc",7,Data Engineer,Data Engineering,35.7,,,,,
Hotmart,7,Data Engineer,Data Engineering,35.0,,,,,
Sodexo,7,Other,HR,13.3,,,,,
F1RST Digital Services,7,Other,Management,22.6,,,,,
Coforge,7,Talent Acquisition,Recruiting,49.4,LATAM_USD,,,,
Dasa,7,HR,HR,27.3,,,,,
Petlove,6,Data Analyst,Analytics,23.8,,,,,
DP6,6,Other,Management,33.0,,,,,
emagine,6,Other,Management,35.2,,,,,
Hire With Near,6,Sourcer,Recruiting,35.3,LATAM_USD,,,,
Inetum,6,Talent Acquisition,Recruiting,39.5,LATAM_USD,,,,
Opah IT,6,Recruiter,Recruiting,34.7,LATAM_USD,,,,
Cogna Educação,6,Director,Management,34.0,,,,,
Strider,6,Other,Recruiting,30.0,,,,,
Banco Bmg,6,Other,Other,28.7,,,,,
Taylor Hopkinson | Powered by Brunel,6,Consultant,Consulting,22.2,,,,,
BCG X,6,Data Engineer,Management,33.5,,,,,
ilegra,6,Other,Other,27.2,,,,,
DB,6,Data Engineer,Data Engineering,23.0,,,,,
Nestlé,6,Other,Other,26.5,,,,,
LHH,6,Consultant,Consulting,34.0,,,,,
Dev.Pro,6,Recruiter,Recruiting,39.3,LATAM_USD,,,,
Ipiranga,6,Other,Other,22.5,,,,,
HelloFresh,6,Talent Acquisition,Recruiting,42.2,LATAM_USD,,,,
Data Mundo,6,Data Analyst,Analytics,37.2,,,,,
Citi,6,Data Analyst,Management,28.2,,,,,
Guidance,6,Recruiter,Recruiting,33.8,LATAM_USD,,,,
Natura,6,Other,Management,26.8,,,,,
Grupo MAG,6,Other,Other,16.7,,,,,
Jump,6,Data Engineer,Data Engineering,27.5,,,,,
Bracell,6,Other,Other,21.7,,,,,
WAYON IT Solutions,5,Other,Other,35.6,,,,,
NUMEN,5,Other,Other,22.8,,,,,
BASF Services Americas,5,HR,HR,30.2,,,,,
Delfia,5,Other,HR,30.6,,,,,
Truelogic Software,5,Talent Acquisition,Recruiting,50.2,LATAM_USD,,,,
Teleperformance,5,Other,Management,37.2,,,,,
Mouts TI,5,Recruiter,Recruiting,35.6,LATAM_USD,,,,
TP,5,Other,Recruiting,31.4,,,,,
Amadeus Fire,5,Consultant,Consulting,23.8,,,,,
Deutsche Bank,5,Talent Acquisition,Recruiting,40.2,LATAM_USD,,,,
ExxonMobil,5,Data Engineer,Data Engineering,30.6,,,,,
KWS Group,5,Other,Other,13.8,,,,,
Suzano,5,HR,HR,17.6,,,,,
Epsilon Solutions Ltd. SA de CV,5,Recruiter,Recruiting,41.8,LATAM_USD,,,,
Improving,5,Other,HR,28.6,,,,,
Banco Carrefour,5,Other,Management,20.6,,,,,
DOJO - Smart Ways,5,Director,Management,34.6,,,,,
Andersen Lab,5,Recruiter,Recruiting,46.4,LATAM_USD,,,,
Selbstständig,5,Other,Other,18.4,,,,,
GetYourGuide,5,Other,Analytics,40.4,,,,,
LUZA Group,5,Other,HR,26.2,,,,,
Maxxi,5,Consultant,Analytics,30.4,,,,,
Kienbaum,5,Other,Other,24.4,,,,,
Robert Half,5,Director,Management,33.6,,,,,
Gi Group Holding,5,HR,HR,25.8,,,,,
Basis Tecnologia da Informação S.A,5,Recruiter,Recruiting,36.2,LATAM_USD,,,,
RNP,5,Other,Analytics,21.0,,,,,
ManpowerGroup,5,Recruiter,Recruiting,38.2,LATAM_USD,,,,
MJV Technology & Innovation,5,Other,Other,35.2,,,,,
QUALIFICAR TI,5,Data Scientist,Data Science / AI,30.8,,,,,
Pipefy,5,Other,Other,26.0,,,,,
Progressive Recruitment,5,Consultant,Consulting,20.2,,,,,
Cadmus Soluções em TI,5,Recruiter,Recruiting,34.0,LATAM_USD,,,,
Page Personnel,5,Recruiter,Recruiting,36.6,LATAM_USD,,,,
Confidential,5,Data Engineer,Data Engineering,33.0,,,,,
Programmers,5,Other,Other,26.4,,,,,
nstech,5,Other,Other,33.2,,,,,
iTRTech Group,5,Other,Management,31.4,,,,,
YDUQS,5,Data Analyst,Analytics,28.2,,,,,
Spassu,4,Recruiter,Recruiting,31.5,LATAM_USD,,,,
Minerva Foods,4,Other,Management,21.5,,,,,
NDA,4,Other,Other,26.2,,,,,
Solvo Global,4,Talent Acquisition,Recruiting,39.0,LATAM_USD,,,,
Solar Coca-Cola,4,Other,Other,33.0,,,,,
Jusbrasil,4,Data Engineer,Management,38.2,,,,,
Syren Cloud Inc,4,Talent Acquisition,Recruiting,55.0,LATAM_USD,,,,
Tigo Bolivia,4,Other,Other,34.2,,,,,
BEES,4,Other,Management,26.2,,,,,
AMS,4,Other,Other,26.0,,,,,
Hapvida NotreDame Intermédica,4,Other,Other,24.2,,,,,
Softtek,4,Other,Other,25.8,,,,,
BNP Paribas,4,Data Engineer,Data Engineering,18.2,,,,,
Softplan,4,HR,HR,20.5,,,,,
Farmácias Pague Menos,4,Director,HR,31.2,,,,,
Cloudster,4,Other,Management,43.0,,,,,
Timenow,4,Other,Other,20.5,,,,,
US Tech Solutions,4,Recruiter,Recruiting,56.5,LATAM_USD,,,,
SysMap Solutions,4,Other,HR,17.8,,,,,
UltraCon Consultoria,4,Recruiter,Recruiting,36.5,LATAM_USD,,,,
BASF,4,Other,Management,35.8,,,,,
VTEX,4,Data Scientist,Data Science / AI,30.8,,,,,
Velozient,4,Other,Other,28.8,,,,,
Cross Border Talents,4,Other,Management,32.0,,,,,
Vetta,4,HR,HR,22.8,,,,,
Self Employed,4,Consultant,Consulting,19.5,,,,,
B3,4,Other,Analytics,28.0,,,,,
GEP Worldwide,4,Other,Other,27.0,,,,,
Cresol Cooperativa,4,Other,Other,16.0,,,,,
Banco Unión S.A,4,Other,Other,21.0,,,,,
Monitor Deloitte,4,Other,Other,22.2,,,,,
Ensitech,4,Recruiter,Recruiting,58.5,LATAM_USD,,,,
Infleet - Gestão de Frotas,4,Other,Management,22.5,,,,,
Sabesp,4,Other,Other,16.2,,,,,
Visa,4,Director,Management,40.2,,,,,
W3haus,4,Other,Management,25.2,,,,,
Brunel,4,Other,Management,24.2,,,,,
amaxo GmbH,4,Other,Management,24.8,,,,,
Talent2Win Perú,4,Talent Acquisition,Recruiting,40.5,LATAM_USD,,,,
Mirante Tecnologia,4,Data Engineer,Data Engineering,34.2,,,,,
Driva,4,Executive,Management,34.2,,,,,
beAnalytic,4,Other,Analytics,25.2,,,,,
A3Data,4,Director,Management,46.0,,,,,
Grupo Fleury,4,Other,Other,17.0,,,,,
Neon,4,HR,HR,25.0,,,,,
dti digital,4,Data Engineer,Data Engineering,24.8,,,,,
Hitachi Energy,4,Other,Management,16.8,,,,,
Accenture Song,4,Other,Management,30.0,,,,,
Flash,4,Data Analyst,Recruiting,33.8,,,,,
Grupo Vorp,4,Other,Other,21.0,,,,,
EXAME,4,Other,Other,26.2,,,,,
Reply,4,Other,Consulting,26.8,,,,,
Accord Innovations,4,Talent Acquisition,Recruiting,46.5,LATAM_USD,,,,
Rede D'Or São Luiz,4,Other,Analytics,18.5,,,,,
Direcional Engenharia,4,Other,Other,19.2,,,,,
Rede Américas,4,Other,Analytics,19.8,,,,,
Cotrijal Cooperativa Agropecuária e Industrial,4,Other,HR,11.8,,,,,
Raízen,4,Other,Management,18.0,,,,,
Ratbacher GmbH,4,Other,Management,24.2,,,,,
mazzatech,4,Recruiter,Recruiting,61.8,LATAM_USD,,,,
Grupo GFT,4,Director,Management,33.0,,,,,
GlobalLogic,4,Other,Other,30.8,,,,,
FERCHAU,4,Other,Management,26.5,,,,,
RSE - Gerenciamento de Risco e Sustentabilidade,4,Other,Other,11.8,,,,,
CodeRoad Inc,4,Recruiter,Recruiting,49.0,LATAM_USD,,,,
Escale,4,Other,Management,28.8,,,,,
Empresa Confidencial,4,Consultant,Consulting,29.5,,,,,
Compass.uol,4,Consultant,Analytics,28.2,,,,,
Cooperativa Central Ailos,4,Other,Other,18.2,,,,,
Taller,4,Recruiter,Recruiting,39.5,LATAM_USD,,,,
RED Global,4,Other,Management,33.2,,,,,
ArcelorMittal Sistemas,4,Other,Management,27.2,,,,,
Choco,4,Software Engineer,Software Engineering,36.5,,,,,
PIXIE,4,Other,Management,34.5,,,,,
Paytrack,4,Product,Product,27.0,,,,,
Entrust it - Consultoria em TI,4,Other,HR,32.0,,,,,
Lenovo,4,HR,HR,17.8,,,,,
Petrobahia S.A,4,Other,Other,12.0,,,,,
Quantum World Technologies Inc,4,Other,Management,47.8,,,,,
CSP Tech,4,Other,Other,30.0,,,,,
Montreal Oficial,4,Recruiter,Recruiting,62.0,LATAM_USD,,,,
Pulse Client Experts,4,HR,HR,27.8,,,,,
Grupo Panvel,4,Other,HR,16.5,,,,,
Haleon,4,Talent Acquisition,Recruiting,37.0,LATAM_USD,,,,
Honeywell,4,HR,HR,34.2,,,,,
Tecla T,4,Recruiter,Recruiting,44.5,LATAM_USD,,,,
Straumann Group,4,Other,Management,32.5,,,,,
NAVA - Technology for Business,4,Recruiter,Recruiting,56.8,LATAM_USD,,,,
The HEINEKEN Company,4,Other,Other,23.8,,,,,
Aubay Portugal,4,Executive,Management,55.8,,,,,
Equifax,4,HR,Management,31.0,,,,,
Equifax I BoaVista,4,Other,Management,23.5,,,,,
Concentrix,4,Talent Acquisition,Recruiting,51.5,LATAM_USD,,,,
Praxis,4,Talent Acquisition,Recruiting,38.8,LATAM_USD,,,,
Power Tuning,4,Data Engineer,Data Engineering,24.2,,,,,
Positivo Tecnologia,4,Other,Other,23.0,,,,,
Spin,4,Head of Data,Analytics,35.8,,,,,
IFIT Solutions,4,Recruiter,Recruiting,46.8,LATAM_USD,,,,
Plan A Technologies,4,Other,Other,41.5,,,,,
Agibank,3,Other,Other,17.7,,,,,
innolevels,3,Other,Other,14.0,,,,,
juucy,3,Recruiter,Recruiting,53.0,LATAM_USD,,,,
meutudo,3,Director,Management,32.7,,,,,
phData,3,Data Engineer,Data Engineering,36.0,,,,,
Airswift,3,Other,Other,24.7,,,,,
Horizontal Talent,3,Other,Other,30.0,,,,,
1950Labs,3,Recruiter,Recruiting,43.3,LATAM_USD,,,,
1GLOBAL,3,Talent Acquisition,Recruiting,38.3,LATAM_USD,,,,
Grupo Sabin,3,HR,HR,25.3,,,,,
Alcor,3,Recruiter,Recruiting,45.3,LATAM_USD,,,,
Bio-Rad Laboratories,3,Operations,Operations,16.3,,,,,
First Decision,3,Other,Analytics,27.0,,,,,
Dedalus,3,Director,HR,35.7,,,,,
Deel,3,Director,Management,27.7,,,,,
AlixPartners,3,Data Scientist,Data Science / AI,39.0,,,,,
Junto Seguros,3,Other,Other,24.3,,,,,
Kake,3,Recruiter,Recruiting,48.3,LATAM_USD,,,,
Highspring,3,Other,Management,33.3,,,,,
Engemon Engenharia & Construção,3,Other,Other,15.7,,,,,
4SolutionGroup,3,Recruiter,Recruiting,46.0,LATAM_USD,,,,
AlmapBBDO,3,Other,Analytics,30.3,,,,,
Grupo Taking,3,Other,Recruiting,36.7,,,,,
Avenue Code,3,HR,HR,17.3,,,,,
Icatu Seguros,3,Data Engineer,Data Engineering,26.3,,,,,
BlueCloud,3,Other,Analytics,38.0,,,,,
Genesys,3,Talent Acquisition,Recruiting,40.0,LATAM_USD,,,,
Flex,3,HR,HR,36.3,,,,,
Geo bio gas&carbon,3,Other,Other,14.0,,,,,
Coca-Cola FEMSA,3,Other,Analytics,16.7,,,,,
Grupo EULEN,3,Other,Other,19.7,,,,,
Boston Scientific,3,Other,Management,54.0,,,,,
International Development Resources LTD,3,Recruiter,Recruiting,60.0,LATAM_USD,,,,
Braskem,3,Other,Other,9.3,,,,,
Gerdau,3,Other,Management,17.0,,,,,
Diageo,3,Other,HR,16.3,,,,,
Azion,3,Talent Acquisition,Recruiting,39.0,LATAM_USD,,,,
Azul Linhas Aéreas Brasileiras,3,Other,Analytics,30.3,,,,,
Ancient - The Wisdom of Technology,3,Recruiter,Recruiting,53.0,LATAM_USD,,,,
Aon,3,Consultant,Consulting,32.3,,,,,
G4F,3,Data Analyst,Recruiting,33.7,,,,,
Grupo Falabella,3,HR,Recruiting,34.7,,,,,
Apex Systems,3,Recruiter,Recruiting,47.3,LATAM_USD,,,,
Getnet,3,Executive,Analytics,28.3,,,,,
